{"stats":{"minecraft:custom":{"minecraft:interact_with_smithing_table":1,"minecraft:inspect_dropper":1,"minecraft:mob_kills":67,"minecraft:interact_with_crafting_table":38,"minecraft:open_barrel":2,"goblintraders:trade_with_goblin":1,"minecraft:leave_game":8,"minecraft:time_since_death":28761,"minecraft:climb_one_cm":10878,"minecraft:sprint_one_cm":632265,"minecraft:walk_one_cm":302047,"minecraft:damage_blocked_by_shield":1660,"minecraft:drop":64,"minecraft:talked_to_villager":3,"minecraft:deaths":11,"minecraft:sneak_time":15929,"minecraft:walk_under_water_one_cm":9794,"minecraft:jump":3902,"minecraft:walk_on_water_one_cm":56783,"minecraft:interact_with_furnace":69,"minecraft:play_one_minute":191643,"minecraft:pot_flower":1,"minecraft:sleep_in_bed":1,"minecraft:time_since_rest":28796,"minecraft:waystone_activated":4,"minecraft:damage_taken":5309,"minecraft:damage_dealt":11324,"minecraft:swim_one_cm":21756,"minecraft:fly_one_cm":682848,"minecraft:open_chest":28,"minecraft:crouch_one_cm":49856,"minecraft:inspect_dispenser":1,"minecraft:fall_one_cm":110437},"minecraft:broken":{"minecraft:iron_pickaxe":2},"minecraft:picked_up":{"minecraft:crafting_table":8,"gravestone:obituary":3,"minecraft:string":101,"minecraft:oak_trapdoor":9,"minecraft:stone_stairs":1,"farlanders:ender_horn":3,"minecraft:blackstone":36,"slimier-slimes:yellow_jelly":3,"minecraft:spruce_planks":23,"minecraft:oak_boat":1,"minecraft:poppy":8,"minecraft:spruce_slab":2,"minecraft:lectern":3,"minecraft:furnace":9,"minecraft:stick":27,"minecraft:end_stone":1,"minecraft:oak_fence":2,"minecraft:fire_charge":1,"minecraft:porkchop":3,"inventorypets:pet_nether_portal":1,"alexsmobs:crocodile_scute":4,"minecraft:dark_oak_planks":3,"minecraft:arrow":2,"minecraft:rotten_flesh":3,"minecraft:shears":1,"minecraft:hay_block":51,"minecraft:cobblestone":174,"minecraft:birch_log":7,"minecraft:basalt":159,"slimier-slimes:lime_slime_block":3,"minecraft:magma_cream":2,"minecraft:tripwire_hook":7,"minecraft:leather":1,"minecraft:birch_planks":20,"minecraft:oak_log":10,"minecraft:lapis_lazuli":19,"minecraft:dirt":19,"minecraft:twisting_vines":55,"minecraft:bone":4,"minecraft:wheat_seeds":21,"minecraft:iron_ore":68,"slimier-slimes:blue_jelly":1,"minecraft:oak_planks":8,"minecraft:dark_oak_stairs":1,"minecraft:book":39,"minecraft:dandelion":6,"minecraft:gravel":3,"minecraft:spruce_sapling":63,"minecraft:white_bed":1,"minecraft:spruce_log":328,"minecraft:gold_ore":8,"minecraft:spider_eye":1,"slimier-slimes:green_jelly":1,"minecraft:oak_wood":4,"minecraft:lever":6,"waystones:waystone":2,"minecraft:grass":1,"minecraft:emerald":3,"minecraft:warped_roots":2,"minecraft:oak_sapling":6,"minecraft:netherrack":142,"minecraft:coal":187,"minecraft:oak_leaves":3,"minecraft:crimson_roots":2,"minecraft:ender_pearl":1},"minecraft:dropped":{"minecraft:golden_boots":1,"minecraft:bread":50,"minecraft:wheat_seeds":21,"slimier-slimes:blue_jelly":1,"minecraft:cooked_porkchop":1,"minecraft:oak_fence":1,"minecraft:warped_roots":2,"inventorypets:pet_nether_portal":1,"minecraft:dirt":4,"minecraft:grass":1,"minecraft:crimson_roots":2,"minecraft:wooden_axe":1,"slimier-slimes:green_jelly":1,"gravestone:obituary":13,"minecraft:string":5,"minecraft:dark_oak_planks":3,"slimier-slimes:yellow_jelly":3,"minecraft:spruce_sapling":2,"minecraft:dandelion":6,"minecraft:stone_axe":1,"slimier-slimes:lime_slime_block":1,"alexsmobs:crocodile_scute":4,"minecraft:blackstone":7,"endrem:rogue_pearl":1,"minecraft:oak_trapdoor":1,"alexsmobs:animal_dictionary":1,"minecraft:twisting_vines":25,"minecraft:rotten_flesh":3,"minecraft:oak_planks":1,"minecraft:stone_stairs":1,"minecraft:poppy":8,"oresabovediamonds:amethyst":2,"minecraft:oak_sapling":6,"minecraft:stone_pickaxe":1,"minecraft:wooden_pickaxe":1,"minecraft:magma_cream":2,"minecraft:oak_leaves":3},"minecraft:mined":{"minecraft:dark_oak_planks":3,"minecraft:white_bed":1,"minecraft:end_stone":1,"minecraft:lever":2,"gravestone:gravestone":10,"minecraft:grass_block":17,"minecraft:crimson_roots":3,"minecraft:spruce_leaves":1042,"minecraft:large_fern":1,"minecraft:hay_block":51,"minecraft:oak_trapdoor":9,"minecraft:spruce_sapling":6,"minecraft:furnace":10,"minecraft:iron_ore":69,"minecraft:nether_sprouts":1,"minecraft:fire":10,"treechop:chopped_log":126,"minecraft:dark_oak_stairs":1,"minecraft:twisting_vines":3,"minecraft:bookshelf":13,"minecraft:vine":1,"minecraft:stone":157,"minecraft:spruce_slab":1,"minecraft:tripwire":44,"minecraft:blackstone":36,"minecraft:twisting_vines_plant":15,"minecraft:basalt":160,"minecraft:oak_fence":2,"slimier-slimes:yellow_slimy_netherrack":2,"minecraft:crafting_table":8,"minecraft:torch":1,"minecraft:oak_wood":4,"minecraft:warped_roots":1,"minecraft:lectern":3,"minecraft:cobblestone":55,"minecraft:lapis_ore":3,"minecraft:oak_planks":9,"minecraft:diorite":2,"slimier-slimes:lime_slime_block":2,"minecraft:stone_stairs":1,"minecraft:warped_nylium":11,"minecraft:birch_log":7,"minecraft:spruce_log":327,"minecraft:birch_leaves":52,"minecraft:grass":11,"minecraft:oak_log":10,"minecraft:coal_ore":51,"minecraft:gravel":3,"minecraft:dirt":18,"minecraft:tripwire_hook":5,"minecraft:netherrack":132,"minecraft:gold_ore":8,"minecraft:oak_leaves":157},"minecraft:killed_by":{"minecraft:player":1,"minecraft:enderman":1,"alexsmobs:straddler":1,"minecraft:vindicator":2,"farlanders:ender_golem":1,"alexsmobs:crocodile":2,"minecraft:skeleton":1,"lava_monster:lava_monster":1},"minecraft:killed":{"minecraft:vindicator":3,"minecraft:spider":5,"farlanders:fanmade_enderman":1,"slimier-slimes:camo_slime":5,"minecraft:skeleton":4,"mowziesmobs:foliaath":1,"minecraft:magma_cube":19,"minecraft:husk":1,"farlanders:rebel":1,"farlanders:ender_golem":2,"lava_monster:lava_monster":7,"minecraft:hoglin":1,"alexsmobs:crimson_mosquito":3,"minecraft:pillager":5,"slimier-slimes:rock_slime":1,"alexsmobs:crocodile":3,"minecraft:zombie":3,"minecraft:enderman":1},"minecraft:used":{"minecraft:oak_trapdoor":12,"minecraft:oak_fence":1,"minecraft:iron_shovel":31,"minecraft:spruce_slab":2,"minecraft:chest":2,"minecraft:spruce_planks":4,"minecraft:shield":32,"minecraft:iron_sword":207,"minecraft:netherrack":78,"minecraft:torch":35,"minecraft:dirt":2,"minecraft:twisting_vines":5,"minecraft:oak_wood":1,"minecraft:iron_hoe":17,"minecraft:wooden_axe":8,"minecraft:lava_bucket":22,"minecraft:iron_axe":93,"minecraft:basalt":159,"minecraft:tripwire_hook":9,"minecraft:furnace":13,"minecraft:water_bucket":86,"minecraft:dark_oak_stairs":1,"minecraft:oak_planks":13,"minecraft:stone_pickaxe":47,"slimier-slimes:lime_slime_block":2,"minecraft:blackstone":29,"minecraft:wooden_pickaxe":12,"minecraft:crafting_table":14,"minecraft:white_bed":1,"minecraft:end_stone":1,"minecraft:shears":38,"waystones:waystone":2,"minecraft:lever":7,"minecraft:bread":60,"minecraft:string":85,"minecraft:iron_pickaxe":650,"minecraft:lectern":3,"minecraft:spruce_sapling":59,"minecraft:gravel":3,"minecraft:stone_axe":101,"minecraft:fire_charge":1,"minecraft:cobblestone":135,"minecraft:cooked_porkchop":2,"minecraft:bucket":109,"minecraft:oak_boat":1,"alexsmobs:animal_dictionary":2,"minecraft:bone_meal":27},"minecraft:crafted":{"minecraft:oak_planks":52,"minecraft:tripwire_hook":2,"minecraft:furnace":4,"minecraft:bone_meal":54,"minecraft:lever":1,"minecraft:oak_trapdoor":4,"minecraft:iron_boots":1,"minecraft:iron_axe":1,"minecraft:iron_hoe":1,"minecraft:stone_pickaxe":1,"minecraft:chest":2,"minecraft:golden_boots":1,"minecraft:wheat":459,"minecraft:emerald":1,"minecraft:cooked_porkchop":3,"minecraft:crafting_table":6,"minecraft:spruce_planks":36,"minecraft:wooden_pickaxe":1,"minecraft:iron_helmet":1,"minecraft:iron_sword":1,"minecraft:bucket":2,"minecraft:birch_planks":28,"minecraft:stone_axe":1,"minecraft:bread":153,"minecraft:air":0,"minecraft:oak_boat":1,"minecraft:iron_chestplate":1,"minecraft:shield":1,"minecraft:stick":32,"minecraft:iron_ingot":68,"minecraft:iron_pickaxe":3,"minecraft:wooden_axe":1,"minecraft:iron_shovel":1,"minecraft:iron_leggings":1,"minecraft:gold_ingot":8,"minecraft:torch":40,"minecraft:shears":1}},"DataVersion":2586}