{"stats":{"minecraft:picked_up":{"minecraft:iron_chestplate":2,"minecraft:wheat":1,"minecraft:anvil":1,"minecraft:yellow_wool":9,"minecraft:smithing_table":1,"minecraft:diamond_sword":2,"minecraft:enchanted_book":1,"minecraft:brewing_stand":1,"minecraft:string":101,"minecraft:iron_leggings":3,"minecraft:red_sand":16,"minecraft:bucket":1,"minecraft:spruce_planks":76,"minecraft:redstone_torch":2,"atum:sand":43,"toolbelt:belt":1,"atum:coin_dirty":5,"minecraft:furnace":18,"minecraft:tipped_arrow":4,"minecraft:stick":255,"atum:iron_scimitar":1,"minecraft:composter":1,"minecraft:oak_fence":2,"minecraft:torch":27,"minecraft:spruce_stairs":4,"atum:limestone_torch_unlit":4,"minecraft:porkchop":3,"minecraft:diorite":3,"minecraft:rotten_flesh":12,"atum:emmer_seeds":1,"atum:dusty_bone":2,"minecraft:obsidian":16,"minecraft:iron_bars":10,"minecraft:cobblestone":428,"minecraft:birch_log":7,"minecraft:magma_cream":2,"minecraft:andesite":8,"minecraft:flint":22,"minecraft:lapis_lazuli":137,"minecraft:dirt":30,"minecraft:lantern":2,"undergarden:shiverstone":1,"minecraft:twisting_vines":80,"minecraft:bone":26,"minecraft:acacia_planks":18,"minecraft:wheat_seeds":26,"minecraft:mossy_stone_bricks":2,"minecraft:fletching_table":9,"slimier-slimes:blue_jelly":1,"minecraft:oak_planks":8,"atum:dagger_poison":1,"alexsmobs:crocodile_egg":8,"minecraft:sand":1,"minecraft:fermented_spider_eye":2,"minecraft:mossy_cobblestone":1,"minecraft:iron_hoe":1,"minecraft:polished_andesite":4,"minecraft:sugar":2,"minecraft:diamond":44,"betterendforge:mossy_glowshroom_chest":1,"minecraft:lever":6,"waystones:waystone":2,"minecraft:granite":9,"minecraft:grass":1,"minecraft:emerald":130,"minecraft:oak_sapling":22,"minecraft:netherrack":142,"minecraft:oak_leaves":3,"minecraft:crimson_roots":2,"atum:limestone_cracked":26,"minecraft:crafting_table":11,"minecraft:nether_wart":5,"atum:limestone_brick_large":36,"atum:deadwood_ladder":2,"gravestone:obituary":3,"atum:limestone_brick_small":11,"atum:limestone_torch":3,"minecraft:cornflower":1,"minecraft:oak_trapdoor":9,"minecraft:red_bed":10,"minecraft:stone_stairs":1,"minecraft:iron_axe":1,"farlanders:mystic_wand_teleport":1,"farlanders:ender_horn":10,"minecraft:iron_shovel":1,"minecraft:blackstone":36,"slimier-slimes:yellow_jelly":3,"atum:porphyry":6,"minecraft:oak_boat":2,"minecraft:poppy":10,"minecraft:spruce_slab":9,"minecraft:lectern":263,"minecraft:chest":4,"globalxp:xp_block":1,"atum:iron_club":1,"dragonmounts:aether_dragon_egg":2,"minecraft:end_stone":1,"artifacts:charm_of_sinking":1,"atum:ectoplasm":10,"atum:limestone_brick_carved":10,"minecraft:spruce_fence":1,"minecraft:fire_charge":4,"inventorypets:pet_nether_portal":1,"atum:horus_soaring":1,"alexsmobs:crocodile_scute":12,"minecraft:dark_oak_planks":12,"minecraft:tnt":2,"minecraft:arrow":25,"minecraft:diamond_chestplate":2,"minecraft:shears":3,"minecraft:diamond_boots":4,"minecraft:hay_block":52,"atum:ophidian_tongue_flower":3,"minecraft:saddle":1,"minecraft:white_wool":9,"minecraft:oxeye_daisy":5,"atum:limestone_gravel":3,"atum:brigand_shield":1,"minecraft:basalt":159,"slimier-slimes:lime_slime_block":3,"artifacts:digging_claws":1,"minecraft:tripwire_hook":7,"minecraft:leather":1,"minecraft:acacia_wood":4,"minecraft:filled_map":1,"minecraft:birch_planks":20,"minecraft:oak_log":39,"minecraft:lily_pad":31,"artifacts:cloud_in_a_bottle":1,"minecraft:yellow_bed":2,"minecraft:gunpowder":9,"minecraft:white_banner":9,"atum:iron_ore":1,"minecraft:apple":3,"atum:large_wall":1,"atum:limestone_brick_cracked_brick":7,"minecraft:iron_ingot":24,"minecraft:iron_ore":78,"minecraft:iron_sword":3,"minecraft:dark_oak_stairs":1,"minecraft:book":51,"smallships:spruce_rowboat":3,"atum:deadwood_stick":1,"atum:large_stairs":8,"minecraft:dandelion":8,"minecraft:gravel":45,"minecraft:blast_furnace":2,"minecraft:spruce_sapling":386,"artifacts:scarf_of_invisibility":1,"minecraft:white_bed":3,"minecraft:spruce_log":3281,"minecraft:gold_ore":27,"minecraft:spider_eye":38,"slimier-slimes:green_jelly":1,"minecraft:oak_wood":4,"minecraft:chainmail_leggings":1,"minecraft:iron_helmet":1,"minecraft:warped_roots":2,"minecraft:coal":593,"minecraft:ender_pearl":3},"minecraft:killed":{"minecraft:spider":9,"farlanders:fanmade_enderman":3,"dungeonsmod:anthermite":4,"slimier-slimes:camo_slime":5,"minecraft:skeleton":15,"alexsmobs:centipede_head":1,"mowziesmobs:foliaath":1,"artifacts:mimic":3,"minecraft:magma_cube":19,"farlanders:rebel":11,"atum:sergeant":11,"minecraft:creeper":6,"alexsmobs:crimson_mosquito":3,"minecraft:pillager":10,"minecraft:zombie":21,"minecraft:stray":14,"atum:mummy":8,"minecraft:vindicator":7,"atum:forsaken":6,"farlanders:wanderer":1,"atum:wraith":13,"farlanders:classic_enderman":2,"minecraft:husk":1,"atum:assassin":2,"farlanders:looter":2,"atum:barbarian":1,"atum:brigand":8,"farlanders:ender_golem":4,"lava_monster:lava_monster":11,"minecraft:hoglin":1,"slimier-slimes:rock_slime":1,"alexsmobs:crocodile":11,"minecraft:wither_skeleton":6,"minecraft:enderman":1,"atum:nomad":4},"minecraft:broken":{"minecraft:diamond_helmet":1,"minecraft:iron_sword":1,"minecraft:iron_axe":1,"minecraft:iron_pickaxe":2,"farlanders:mystic_wand_teleport":1},"minecraft:crafted":{"minecraft:grindstone":1,"minecraft:smooth_stone":3,"minecraft:oak_planks":164,"minecraft:stone":42,"minecraft:lever":1,"minecraft:bookshelf":22,"minecraft:suspicious_stew":6,"minecraft:diamond_helmet":3,"minecraft:diamond_leggings":2,"minecraft:iron_boots":1,"minecraft:chest":4,"minecraft:cooked_rabbit":11,"minecraft:golden_boots":1,"minecraft:oak_slab":12,"minecraft:emerald":844,"minecraft:cooked_porkchop":3,"minecraft:diamond_axe":2,"minecraft:crafting_table":10,"minecraft:spruce_planks":13124,"minecraft:wooden_pickaxe":1,"minecraft:iron_helmet":1,"minecraft:chainmail_chestplate":12,"minecraft:smithing_table":1,"minecraft:fletching_table":3,"minecraft:gold_block":10,"minecraft:birch_planks":28,"minecraft:apple":48,"minecraft:lectern":5,"minecraft:iron_chestplate":3,"minecraft:diamond_pickaxe":1,"minecraft:shield":3,"minecraft:stone_slab":6,"minecraft:stick":25940,"minecraft:iron_ingot":68,"minecraft:iron_pickaxe":14,"minecraft:iron_block":8,"minecraft:gold_ingot":8,"minecraft:shears":2,"minecraft:golden_carrot":141,"minecraft:oak_door":3,"minecraft:cookie":162,"minecraft:stone_shovel":10,"minecraft:tripwire_hook":2,"minecraft:spruce_button":30,"minecraft:furnace":5,"minecraft:blast_furnace":1,"minecraft:yellow_bed":3,"minecraft:bone_meal":54,"minecraft:oak_trapdoor":4,"minecraft:spruce_stairs":28,"minecraft:leather":2,"minecraft:iron_axe":6,"minecraft:iron_hoe":1,"minecraft:spruce_slab":12,"minecraft:stone_pickaxe":1,"minecraft:diamond_boots":3,"minecraft:spruce_boat":1,"minecraft:wheat":459,"minecraft:enchanting_table":1,"minecraft:iron_sword":2,"minecraft:bucket":2,"minecraft:stone_axe":1,"minecraft:enchanted_book":6,"minecraft:bread":291,"minecraft:air":0,"minecraft:oak_boat":1,"minecraft:flint":10,"minecraft:chainmail_boots":12,"minecraft:wooden_axe":1,"minecraft:iron_shovel":1,"minecraft:iron_leggings":9,"minecraft:white_bed":4,"minecraft:acacia_planks":16,"minecraft:torch":132,"minecraft:diamond_chestplate":3},"minecraft:mined":{"minecraft:dark_oak_planks":6,"minecraft:spruce_planks":24,"minecraft:white_bed":5,"atum:limestone_brick_cracked_brick":7,"minecraft:brewing_stand":1,"minecraft:obsidian":19,"minecraft:granite":13,"atum:limestone_brick_large":37,"minecraft:grass_block":19,"minecraft:composter":5,"minecraft:oxeye_daisy":1,"minecraft:chiseled_stone_bricks":2,"minecraft:spawner":30,"minecraft:smooth_stone":7,"atum:sand":40,"minecraft:iron_ore":79,"minecraft:fire":11,"minecraft:anvil":1,"minecraft:fletching_table":7,"minecraft:dark_oak_stairs":1,"minecraft:twisting_vines":3,"minecraft:iron_bars":10,"atum:porphyry":6,"minecraft:spruce_slab":5,"minecraft:tripwire":44,"minecraft:red_bed":11,"minecraft:blackstone":36,"minecraft:twisting_vines_plant":15,"atum:limestone_torch":1,"minecraft:torch":3,"minecraft:blast_furnace":2,"minecraft:chest":4,"minecraft:cobblestone":60,"atum:deadwood_ladder":2,"minecraft:oak_planks":9,"minecraft:wall_torch":4,"minecraft:stone_stairs":1,"minecraft:warped_nylium":11,"atum:limestone_brick_small":7,"minecraft:yellow_wool":9,"minecraft:birch_log":7,"minecraft:wheat":1,"atum:limestone":28,"minecraft:smooth_stone_slab":1,"minecraft:grass":37,"minecraft:oak_log":41,"minecraft:dirt":23,"minecraft:sand":1,"minecraft:tripwire_hook":5,"minecraft:netherrack":132,"minecraft:oak_leaves":558,"minecraft:diamond_ore":21,"minecraft:mossy_cobblestone":2,"minecraft:end_stone":1,"gravestone:gravestone":11,"minecraft:lever":2,"minecraft:spruce_fence":1,"minecraft:crimson_roots":3,"minecraft:polished_andesite_slab":1,"minecraft:spruce_leaves":6478,"minecraft:large_fern":1,"minecraft:hay_block":51,"atum:wall_limestone_torch":2,"minecraft:oak_trapdoor":9,"minecraft:spruce_sapling":25,"minecraft:furnace":19,"minecraft:nether_sprouts":1,"atum:tall_dry_grass":2,"minecraft:acacia_wood":4,"minecraft:andesite":6,"treechop:chopped_log":940,"minecraft:bookshelf":17,"minecraft:vine":6,"atum:dry_grass":1,"minecraft:stone":403,"minecraft:white_wool":9,"atum:limestone_brick_carved":9,"atum:large_stairs":8,"minecraft:redstone_wall_torch":1,"atum:wall_limestone_torch_unlit":3,"minecraft:podzol":1,"minecraft:smithing_table":1,"atum:large_wall":1,"minecraft:basalt":160,"minecraft:dandelion":1,"minecraft:oak_fence":2,"slimier-slimes:yellow_slimy_netherrack":2,"minecraft:crafting_table":11,"minecraft:cornflower":1,"minecraft:oak_wood":4,"minecraft:warped_roots":1,"minecraft:lectern":262,"minecraft:tall_grass":4,"minecraft:lapis_ore":13,"minecraft:diorite":6,"slimier-slimes:lime_slime_block":2,"minecraft:spruce_stairs":4,"betterendforge:mossy_glowshroom_chest":1,"globalxp:xp_block":1,"minecraft:spruce_log":3257,"minecraft:birch_leaves":52,"minecraft:yellow_bed":2,"atum:sand_layer":15,"minecraft:coal_ore":217,"minecraft:gravel":45,"minecraft:cracked_stone_bricks":2,"minecraft:acacia_planks":4,"minecraft:polished_andesite":6,"minecraft:mossy_stone_bricks":2,"minecraft:gold_ore":27,"undergarden:shiverstone":1},"minecraft:used":{"minecraft:red_sand":8,"minecraft:iron_shovel":93,"minecraft:spruce_slab":11,"minecraft:chest":8,"minecraft:shield":47,"minecraft:iron_sword":759,"minecraft:spruce_boat":1,"minecraft:lava_bucket":22,"atum:limestone_torch_unlit":4,"undergarden:shiverstone":1,"minecraft:furnace":22,"atum:limestone_brick_small":3,"atum:dagger_poison":2,"minecraft:dark_oak_stairs":1,"minecraft:mossy_stone_bricks":2,"minecraft:oak_planks":40,"minecraft:stone_pickaxe":47,"minecraft:ender_pearl":6,"minecraft:blackstone":29,"minecraft:wooden_pickaxe":12,"minecraft:composter":1,"minecraft:diamond_axe":925,"atum:limestone_brick_large":25,"atum:sand":12,"minecraft:blast_furnace":1,"minecraft:crossbow":4,"minecraft:end_stone":1,"minecraft:shears":56,"waystones:waystone":2,"minecraft:lever":7,"minecraft:bread":76,"minecraft:string":85,"minecraft:lectern":268,"minecraft:gravel":5,"minecraft:diamond_sword":54,"minecraft:fire_charge":1,"atum:iron_club":16,"globalxp:xp_block":1,"minecraft:grindstone":1,"minecraft:smithing_table":2,"farlanders:mystic_wand_teleport":5,"minecraft:oak_boat":1,"minecraft:bone_meal":54,"minecraft:oak_fence":1,"minecraft:oak_trapdoor":12,"minecraft:iron_bars":2,"minecraft:enchanting_table":1,"minecraft:spruce_planks":80,"atum:limestone_sword":6,"minecraft:oak_door":3,"minecraft:netherrack":78,"minecraft:torch":131,"minecraft:brewing_stand":1,"minecraft:dirt":11,"minecraft:spruce_stairs":28,"minecraft:twisting_vines":5,"minecraft:oak_wood":1,"minecraft:granite":7,"minecraft:iron_hoe":17,"minecraft:wooden_axe":8,"minecraft:bookshelf":17,"minecraft:iron_axe":581,"minecraft:tripwire_hook":9,"minecraft:basalt":159,"minecraft:golden_carrot":110,"minecraft:acacia_planks":6,"minecraft:water_bucket":120,"slimier-slimes:lime_slime_block":2,"minecraft:fletching_table":8,"minecraft:crafting_table":19,"minecraft:red_bed":9,"minecraft:white_bed":7,"minecraft:oak_log":1,"minecraft:diamond_pickaxe":712,"minecraft:apple":1,"minecraft:oxeye_daisy":1,"minecraft:iron_pickaxe":681,"minecraft:spruce_sapling":298,"atum:horus_soaring":2,"minecraft:stone_axe":101,"minecraft:cobblestone":232,"toolbelt:belt":2,"minecraft:cooked_porkchop":2,"minecraft:bucket":143,"minecraft:yellow_bed":5,"alexsmobs:animal_dictionary":2},"minecraft:killed_by":{"alexsmobs:straddler":1,"minecraft:vindicator":2,"farlanders:ender_golem":1,"alexsmobs:crocodile":2,"lava_monster:lava_monster":1,"minecraft:player":1,"minecraft:enderman":1,"minecraft:skeleton":1},"minecraft:custom":{"minecraft:interact_with_crafting_table":78,"minecraft:open_barrel":7,"goblintraders:trade_with_goblin":1,"minecraft:bell_ring":13,"minecraft:leave_game":22,"minecraft:time_since_death":252291,"minecraft:sprint_one_cm":2461700,"minecraft:damage_blocked_by_shield":2105,"minecraft:drop":316,"minecraft:talked_to_villager":432,"minecraft:deaths":12,"minecraft:jump":9713,"minecraft:walk_on_water_one_cm":85917,"minecraft:enchant_item":6,"minecraft:interact_with_furnace":112,"minecraft:traded_with_villager":1030,"minecraft:interact_with_cartography_table":1,"minecraft:play_one_minute":602491,"minecraft:sleep_in_bed":19,"minecraft:waystone_activated":6,"minecraft:damage_dealt":48955,"minecraft:crouch_one_cm":75459,"minecraft:interact_with_smoker":4,"minecraft:inspect_dispenser":1,"minecraft:interact_with_smithing_table":2,"minecraft:inspect_dropper":1,"minecraft:interact_with_anvil":15,"minecraft:mob_kills":231,"minecraft:damage_dealt_resisted":991,"minecraft:climb_one_cm":28480,"minecraft:walk_one_cm":1121740,"minecraft:sneak_time":26977,"minecraft:walk_under_water_one_cm":22227,"minecraft:interact_with_blast_furnace":3,"minecraft:pot_flower":1,"minecraft:interact_with_grindstone":6,"minecraft:time_since_rest":44709,"minecraft:damage_taken":15691,"minecraft:trigger_trapped_chest":2,"minecraft:swim_one_cm":61025,"minecraft:fly_one_cm":2263067,"minecraft:open_chest":416,"minecraft:fall_one_cm":293374},"minecraft:dropped":{"minecraft:iron_sword":2,"slimier-slimes:blue_jelly":1,"minecraft:ender_pearl":1,"atum:dagger_poison":1,"minecraft:cooked_porkchop":1,"minecraft:cookie":162,"minecraft:warped_roots":2,"atum:large_stairs":8,"atum:limestone_brick_small":8,"minecraft:emerald":33,"minecraft:dirt":11,"minecraft:grass":1,"atum:limestone_brick_large":1,"minecraft:cornflower":1,"minecraft:crimson_roots":2,"atum:sand":31,"slimier-slimes:green_jelly":1,"atum:brigand_shield":1,"artifacts:charm_of_sinking":1,"gravestone:obituary":14,"endrem:corrupted_pearl":2,"atum:coin_dirty":1,"minecraft:sand":1,"minecraft:sugar":2,"minecraft:iron_pickaxe":12,"minecraft:dark_oak_planks":12,"toolbelt:belt":1,"atum:iron_club":1,"minecraft:bone":10,"atum:nebu_torch":1,"minecraft:stone_axe":1,"minecraft:blackstone":7,"slimier-slimes:lime_slime_block":1,"alexsmobs:animal_dictionary":1,"atum:iron_scimitar":1,"minecraft:twisting_vines":25,"minecraft:wheat":1,"dragonmounts:aether_dragon_egg":1,"minecraft:rotten_flesh":8,"minecraft:oak_planks":1,"atum:limestone_torch":3,"farlanders:ender_horn":4,"minecraft:stone_stairs":1,"atum:limestone_brick_carved":10,"minecraft:chainmail_chestplate":12,"atum:horus_soaring":1,"minecraft:poppy":10,"minecraft:tipped_arrow":4,"minecraft:gunpowder":8,"minecraft:chainmail_boots":12,"minecraft:spruce_slab":1,"minecraft:iron_bars":6,"minecraft:arrow":15,"atum:porphyry":6,"minecraft:oak_leaves":3,"minecraft:enchanted_book":2,"minecraft:golden_boots":1,"minecraft:bread":130,"atum:limestone_brick_cracked_brick":7,"atum:emmer_seeds":1,"minecraft:wheat_seeds":26,"minecraft:diamond_leggings":1,"minecraft:oak_fence":1,"minecraft:iron_helmet":1,"minecraft:cobblestone":20,"minecraft:book":6,"minecraft:apple":48,"minecraft:granite":2,"atum:large_wall":1,"minecraft:spruce_button":30,"minecraft:polished_andesite":4,"inventorypets:pet_nether_portal":1,"minecraft:oxeye_daisy":3,"minecraft:diorite":3,"minecraft:torch":5,"minecraft:wooden_axe":1,"minecraft:diamond_helmet":1,"minecraft:iron_leggings":12,"minecraft:white_banner":8,"minecraft:iron_axe":4,"atum:deadwood_stick":1,"minecraft:string":5,"minecraft:lily_pad":31,"slimier-slimes:yellow_jelly":3,"atum:limestone_cracked":26,"minecraft:acacia_planks":14,"minecraft:spruce_sapling":25,"minecraft:dandelion":8,"atum:dusty_bone":1,"alexsmobs:crocodile_scute":12,"endrem:rogue_pearl":1,"minecraft:oak_trapdoor":1,"minecraft:stone_shovel":10,"minecraft:iron_boots":1,"minecraft:spruce_fence":1,"minecraft:suspicious_stew":6,"minecraft:diamond_sword":1,"atum:ophidian_tongue_flower":1,"minecraft:hay_block":1,"minecraft:shield":3,"oresabovediamonds:amethyst":2,"minecraft:diamond_chestplate":3,"minecraft:spruce_planks":3,"minecraft:iron_chestplate":5,"minecraft:andesite":7,"minecraft:oak_sapling":22,"minecraft:redstone_torch":2,"minecraft:diamond_boots":3,"minecraft:red_sand":8,"minecraft:stone_pickaxe":1,"minecraft:wooden_pickaxe":1,"minecraft:magma_cream":2}},"DataVersion":2586}