{"stats":{"minecraft:picked_up":{"minecraft:cookie":1},"minecraft:custom":{"minecraft:jump":96,"minecraft:time_since_rest":3180,"minecraft:leave_game":1,"minecraft:damage_dealt":56,"minecraft:crouch_one_cm":380,"minecraft:play_one_minute":12922,"minecraft:deaths":2,"minecraft:damage_taken":530,"minecraft:sprint_one_cm":136,"minecraft:time_since_death":3140,"minecraft:walk_one_cm":40890,"minecraft:sleep_in_bed":1,"minecraft:sneak_time":49,"minecraft:fall_one_cm":1472,"minecraft:fly_one_cm":1686},"minecraft:used":{"alexsmobs:animal_dictionary":4},"minecraft:killed_by":{"guardvillagers:guard":2}},"DataVersion":2586}