{"stats":{"minecraft:picked_up":{"minecraft:crafting_table":2,"evolved_rpg:shadestone_shard":4,"gravestone:obituary":9,"minecraft:string":4,"minecraft:oak_trapdoor":1,"minecraft:stone_stairs":1,"minecraft:blackstone":10,"alexsmobs:blood_sac":3,"minecraft:diamond_leggings":1,"slimier-slimes:yellow_jelly":4,"oresabovediamonds:amethyst":8,"minecraft:poppy":5,"minecraft:melon_slice":7,"minecraft:sugar_cane":15,"minecraft:birch_sapling":1,"minecraft:furnace":3,"minecraft:stick":106,"minecraft:sandstone":1,"minecraft:oak_fence":1,"minecraft:torch":4,"minecraft:fire_charge":6,"slimier-slimes:pink_jelly":1,"minecraft:cookie":159,"minecraft:diorite":17,"inventorypets:pet_nether_portal":1,"minecraft:arrow":11,"minecraft:rotten_flesh":5,"minecraft:diamond_chestplate":1,"slimier-slimes:orange_jelly":1,"minecraft:diamond_boots":1,"minecraft:hay_block":62,"minecraft:red_tulip":2,"minecraft:obsidian":3,"minecraft:cobblestone":196,"minecraft:birch_log":8,"minecraft:basalt":1,"slimier-slimes:lime_slime_block":2,"minecraft:lilac":2,"minecraft:magma_cream":2,"minecraft:andesite":18,"minecraft:birch_planks":1,"minecraft:flint":1,"minecraft:oak_log":5,"minecraft:golden_boots":1,"minecraft:gunpowder":3,"alexsmobs:mosquito_proboscis":2,"minecraft:lapis_lazuli":26,"minecraft:dirt":64,"minecraft:red_carpet":1,"minecraft:bone":7,"minecraft:apple":48,"minecraft:stone_bricks":29,"evolved_rpg:brimstone_shard":1,"mowziesmobs:foliaath_seed":2,"minecraft:wheat_seeds":17,"minecraft:warped_stem":2,"slimier-slimes:red_jelly":1,"minecraft:stone_pickaxe":1,"minecraft:iron_ore":155,"minecraft:diamond_helmet":1,"slimier-slimes:blue_jelly":2,"minecraft:cooked_porkchop":1,"minecraft:quartz":18,"minecraft:dandelion":13,"minecraft:gravel":11,"minecraft:sand":297,"endrem:rogue_pearl":1,"minecraft:spruce_sapling":186,"minecraft:spruce_log":1147,"minecraft:gold_ore":34,"slimier-slimes:green_jelly":23,"minecraft:diamond":15,"waystones:waystone":3,"minecraft:granite":8,"minecraft:bread":62,"minecraft:emerald":33,"minecraft:warped_roots":2,"minecraft:oak_sapling":16,"minecraft:netherrack":25,"minecraft:dark_oak_wood":5,"minecraft:coal":52,"minecraft:crimson_roots":2},"minecraft:killed":{"slimier-slimes:camo_slime":32,"minecraft:skeleton":7,"farlanders:mystic_enderminion":1,"minecraft:magma_cube":1,"alexsmobs:stradpole":1,"lava_monster:lava_monster":2,"minecraft:creeper":2,"alexsmobs:crimson_mosquito":3,"alexsmobs:warped_toad":1,"slimier-slimes:rock_slime":2,"slimier-slimes:lava_slime":1,"minecraft:zombie":8},"minecraft:broken":{"minecraft:iron_axe":2,"minecraft:iron_pickaxe":1},"minecraft:mined":{"minecraft:diamond_ore":15,"minecraft:red_carpet":1,"minecraft:obsidian":3,"gravestone:gravestone":15,"minecraft:granite":9,"minecraft:grass_block":37,"minecraft:crimson_roots":1,"slimier-slimes:orange_slimy_stone":1,"minecraft:spruce_leaves":4058,"minecraft:spawner":2,"minecraft:sandstone":1,"minecraft:large_fern":4,"minecraft:hay_block":62,"minecraft:tall_seagrass":1,"minecraft:spruce_sapling":9,"minecraft:furnace":1,"minecraft:iron_ore":157,"minecraft:fire":12,"minecraft:andesite":19,"treechop:chopped_log":369,"minecraft:red_tulip":2,"minecraft:warped_stem":2,"slimier-slimes:pink_slimy_stone":2,"minecraft:stone":202,"minecraft:podzol":1,"minecraft:blackstone":3,"minecraft:basalt":2,"minecraft:dandelion":15,"slimier-slimes:yellow_slimy_netherrack":1,"minecraft:crafting_table":2,"minecraft:torch":1,"minecraft:dark_oak_wood":5,"minecraft:poppy":4,"minecraft:melon":1,"minecraft:warped_roots":2,"oresabovediamonds:amethyst_ore":6,"minecraft:nether_quartz_ore":18,"minecraft:tall_grass":3,"minecraft:cobblestone":6,"minecraft:lapis_ore":4,"minecraft:sugar_cane":5,"minecraft:diorite":16,"slimier-slimes:lime_slime_block":2,"minecraft:wall_torch":2,"minecraft:seagrass":2,"minecraft:birch_planks":1,"minecraft:warped_nylium":21,"evolved_rpg:shadestone_ore":4,"minecraft:birch_log":7,"minecraft:lilac":2,"minecraft:spruce_log":1166,"minecraft:birch_leaves":52,"minecraft:grass":58,"minecraft:oak_log":6,"minecraft:coal_ore":50,"minecraft:gravel":12,"minecraft:sand":303,"minecraft:dirt":18,"evolved_rpg:brimstone_ore":1,"minecraft:stone_bricks":30,"minecraft:netherrack":8,"minecraft:gold_ore":34,"minecraft:oak_leaves":67,"minecraft:fern":17},"minecraft:crafted":{"minecraft:golden_carrot":33,"minecraft:oak_planks":20,"minecraft:coal":18,"globalxp:xp_block":2,"minecraft:furnace":1,"minecraft:iron_bars":16,"minecraft:flint_and_steel":1,"minecraft:warped_planks":8,"minecraft:iron_boots":2,"minecraft:iron_axe":2,"undergarden:catalyst":1,"minecraft:chest":6,"minecraft:golden_boots":1,"minecraft:wheat":558,"minecraft:emerald":126,"atum:scarab":1,"minecraft:crafting_table":8,"minecraft:spruce_planks":2200,"minecraft:iron_helmet":2,"minecraft:iron_sword":2,"minecraft:bucket":2,"minecraft:birch_planks":28,"minecraft:bread":186,"minecraft:air":0,"minecraft:iron_chestplate":2,"inventorypets:nugget_coal":168,"minecraft:diamond_pickaxe":1,"minecraft:shield":2,"minecraft:stick":3964,"minecraft:iron_ingot":109,"minecraft:iron_pickaxe":3,"minecraft:iron_shovel":1,"minecraft:iron_leggings":1,"minecraft:gold_ingot":9,"minecraft:sandstone":66,"minecraft:torch":68,"minecraft:shears":1},"minecraft:used":{"minecraft:iron_shovel":121,"minecraft:flint_and_steel":1,"minecraft:poppy":3,"minecraft:chest":6,"minecraft:spruce_planks":76,"minecraft:shield":38,"minecraft:iron_sword":114,"minecraft:rotten_flesh":4,"minecraft:netherrack":20,"minecraft:torch":62,"minecraft:dirt":17,"minecraft:granite":1,"minecraft:obsidian":2,"minecraft:iron_axe":505,"minecraft:stone_bricks":18,"minecraft:furnace":1,"minecraft:water_bucket":8,"minecraft:diorite":1,"minecraft:iron_ore":1,"minecraft:birch_planks":5,"minecraft:oak_planks":6,"minecraft:blackstone":3,"undergarden:catalyst":1,"minecraft:sandstone":50,"minecraft:cookie":2,"minecraft:golden_apple":2,"minecraft:sand":7,"minecraft:crafting_table":10,"minecraft:warped_planks":8,"waystones:waystone":1,"minecraft:diamond_pickaxe":350,"minecraft:bread":54,"minecraft:iron_pickaxe":291,"minecraft:spruce_sapling":156,"minecraft:gravel":7,"minecraft:diamond_sword":11,"globalxp:xp_block":2,"minecraft:cobblestone":149,"minecraft:cooked_porkchop":1,"minecraft:bucket":8,"alexsmobs:animal_dictionary":2,"minecraft:dandelion":9,"minecraft:experience_bottle":1},"minecraft:killed_by":{"minecraft:pillager":2,"farlanders:fanmade_enderman":1,"minecraft:magma_cube":1,"minecraft:vindicator":1,"alexsmobs:crocodile":4,"minecraft:skeleton":1,"lava_monster:lava_monster":2},"minecraft:custom":{"minecraft:mob_kills":60,"minecraft:interact_with_crafting_table":44,"minecraft:open_barrel":13,"goblintraders:trade_with_goblin":33,"minecraft:bell_ring":1,"minecraft:leave_game":7,"minecraft:time_since_death":187183,"minecraft:climb_one_cm":15549,"minecraft:sprint_one_cm":509040,"minecraft:walk_one_cm":548625,"minecraft:damage_blocked_by_shield":755,"minecraft:drop":153,"minecraft:talked_to_villager":13,"minecraft:deaths":20,"minecraft:sneak_time":23019,"minecraft:walk_under_water_one_cm":39035,"minecraft:jump":5186,"minecraft:interact_with_blast_furnace":1,"minecraft:walk_on_water_one_cm":67836,"minecraft:interact_with_furnace":15,"minecraft:traded_with_villager":137,"minecraft:play_one_minute":378699,"minecraft:sleep_in_bed":4,"minecraft:waystone_activated":4,"minecraft:time_since_rest":27405,"minecraft:damage_taken":7287,"minecraft:damage_absorbed":80,"minecraft:trigger_trapped_chest":2,"minecraft:damage_dealt":5164,"minecraft:swim_one_cm":147941,"minecraft:player_kills":1,"minecraft:fly_one_cm":952008,"minecraft:open_chest":62,"minecraft:crouch_one_cm":56550,"minecraft:interact_with_smoker":1,"minecraft:fall_one_cm":188138},"minecraft:dropped":{"minecraft:bread":39,"minecraft:wheat_seeds":10,"slimier-slimes:blue_jelly":2,"minecraft:lilac":2,"minecraft:diamond":1,"mowziesmobs:foliaath_seed":2,"minecraft:crossbow":1,"minecraft:cookie":4,"minecraft:warped_roots":1,"minecraft:granite":4,"minecraft:coal":1,"minecraft:emerald":126,"inventorypets:pet_nether_portal":3,"minecraft:stick":2,"minecraft:dirt":16,"minecraft:diorite":6,"minecraft:crimson_roots":2,"slimier-slimes:green_jelly":23,"minecraft:fire_charge":2,"gravestone:obituary":25,"minecraft:sand":1,"minecraft:string":2,"minecraft:birch_log":1,"slimier-slimes:yellow_jelly":4,"minecraft:spruce_sapling":3,"minecraft:dandelion":2,"minecraft:bone":1,"minecraft:gravel":4,"minecraft:furnace":1,"slimier-slimes:lime_slime_block":2,"minecraft:birch_sapling":1,"minecraft:obsidian":1,"slimier-slimes:orange_jelly":1,"minecraft:shears":1,"minecraft:poppy":2,"minecraft:gunpowder":3,"minecraft:andesite":9,"atum:scarab":1,"inventorypets:nugget_coal":6,"minecraft:oak_sapling":15,"minecraft:sandstone":2,"minecraft:basalt":1,"minecraft:arrow":4,"waystones:waystone":1,"minecraft:red_tulip":2,"minecraft:netherrack":5,"alexsmobs:mosquito_proboscis":2}},"DataVersion":2586}