{"stats":{"minecraft:custom":{"minecraft:mob_kills":52,"minecraft:interact_with_crafting_table":26,"minecraft:open_barrel":10,"goblintraders:trade_with_goblin":33,"minecraft:leave_game":3,"minecraft:time_since_death":2025,"minecraft:climb_one_cm":14404,"minecraft:sprint_one_cm":306195,"minecraft:walk_one_cm":342404,"minecraft:damage_blocked_by_shield":755,"minecraft:drop":90,"minecraft:deaths":20,"minecraft:sneak_time":18321,"minecraft:walk_under_water_one_cm":5081,"minecraft:jump":3065,"minecraft:walk_on_water_one_cm":35525,"minecraft:interact_with_furnace":13,"minecraft:play_one_minute":193541,"minecraft:waystone_activated":3,"minecraft:time_since_rest":12004,"minecraft:damage_taken":6970,"minecraft:damage_absorbed":80,"minecraft:damage_dealt":4272,"minecraft:swim_one_cm":23745,"minecraft:player_kills":1,"minecraft:fly_one_cm":584137,"minecraft:open_chest":31,"minecraft:crouch_one_cm":47571,"minecraft:interact_with_smoker":1,"minecraft:fall_one_cm":116882},"minecraft:broken":{"minecraft:iron_pickaxe":1},"minecraft:dropped":{"minecraft:wheat_seeds":4,"slimier-slimes:blue_jelly":2,"minecraft:lilac":2,"mowziesmobs:foliaath_seed":2,"minecraft:crossbow":1,"minecraft:warped_roots":1,"minecraft:granite":4,"minecraft:coal":1,"inventorypets:pet_nether_portal":3,"minecraft:dirt":16,"minecraft:diorite":6,"minecraft:crimson_roots":2,"slimier-slimes:green_jelly":23,"minecraft:fire_charge":2,"gravestone:obituary":25,"minecraft:sand":1,"minecraft:string":2,"minecraft:birch_log":1,"slimier-slimes:yellow_jelly":4,"minecraft:spruce_sapling":2,"minecraft:bone":1,"minecraft:gravel":4,"minecraft:birch_sapling":1,"minecraft:obsidian":1,"slimier-slimes:orange_jelly":1,"minecraft:shears":1,"minecraft:gunpowder":3,"minecraft:andesite":9,"inventorypets:nugget_coal":6,"minecraft:oak_sapling":10,"minecraft:basalt":1,"minecraft:arrow":4,"waystones:waystone":1,"minecraft:red_tulip":1,"minecraft:netherrack":5,"alexsmobs:mosquito_proboscis":2},"minecraft:picked_up":{"minecraft:crafting_table":1,"gravestone:obituary":9,"minecraft:string":4,"minecraft:oak_trapdoor":1,"minecraft:stone_stairs":1,"minecraft:blackstone":10,"alexsmobs:blood_sac":3,"slimier-slimes:yellow_jelly":4,"oresabovediamonds:amethyst":2,"minecraft:melon_slice":7,"minecraft:sugar_cane":15,"minecraft:birch_sapling":1,"minecraft:furnace":2,"minecraft:stick":9,"minecraft:sandstone":1,"minecraft:oak_fence":1,"minecraft:torch":3,"minecraft:fire_charge":6,"minecraft:diorite":7,"inventorypets:pet_nether_portal":1,"minecraft:arrow":4,"minecraft:rotten_flesh":5,"slimier-slimes:orange_jelly":1,"minecraft:red_tulip":1,"minecraft:obsidian":3,"minecraft:cobblestone":124,"minecraft:birch_log":8,"minecraft:basalt":1,"minecraft:lilac":2,"minecraft:magma_cream":2,"minecraft:andesite":9,"minecraft:birch_planks":1,"minecraft:flint":1,"minecraft:oak_log":5,"minecraft:golden_boots":1,"minecraft:gunpowder":3,"minecraft:lapis_lazuli":7,"alexsmobs:mosquito_proboscis":2,"minecraft:dirt":37,"minecraft:bone":2,"minecraft:red_carpet":1,"minecraft:stone_bricks":8,"minecraft:wheat_seeds":6,"mowziesmobs:foliaath_seed":2,"minecraft:warped_stem":2,"minecraft:stone_pickaxe":1,"minecraft:iron_ore":79,"slimier-slimes:blue_jelly":2,"minecraft:cooked_porkchop":1,"minecraft:quartz":18,"minecraft:gravel":11,"minecraft:sand":203,"endrem:rogue_pearl":1,"minecraft:spruce_sapling":11,"minecraft:spruce_log":41,"minecraft:gold_ore":19,"slimier-slimes:green_jelly":23,"minecraft:diamond":3,"waystones:waystone":3,"minecraft:granite":5,"minecraft:bread":62,"minecraft:warped_roots":2,"minecraft:oak_sapling":11,"minecraft:netherrack":25,"minecraft:dark_oak_wood":5,"minecraft:coal":43,"minecraft:crimson_roots":2},"minecraft:mined":{"minecraft:diamond_ore":3,"minecraft:red_carpet":1,"minecraft:obsidian":3,"gravestone:gravestone":15,"minecraft:granite":5,"minecraft:grass_block":15,"minecraft:crimson_roots":1,"slimier-slimes:orange_slimy_stone":1,"minecraft:spruce_leaves":331,"minecraft:sandstone":1,"minecraft:spawner":2,"minecraft:large_fern":3,"minecraft:tall_seagrass":1,"minecraft:furnace":1,"minecraft:iron_ore":80,"minecraft:fire":12,"minecraft:andesite":9,"treechop:chopped_log":47,"minecraft:warped_stem":2,"minecraft:stone":127,"minecraft:podzol":1,"minecraft:blackstone":3,"minecraft:basalt":2,"slimier-slimes:yellow_slimy_netherrack":1,"minecraft:crafting_table":1,"minecraft:torch":1,"minecraft:dark_oak_wood":5,"minecraft:melon":1,"minecraft:warped_roots":2,"minecraft:nether_quartz_ore":18,"minecraft:tall_grass":1,"minecraft:cobblestone":2,"minecraft:lapis_ore":1,"minecraft:sugar_cane":5,"minecraft:diorite":6,"minecraft:wall_torch":2,"minecraft:seagrass":1,"minecraft:birch_planks":1,"minecraft:warped_nylium":21,"minecraft:birch_log":7,"minecraft:lilac":2,"minecraft:spruce_log":42,"minecraft:birch_leaves":52,"minecraft:grass":11,"minecraft:oak_log":6,"minecraft:coal_ore":42,"minecraft:gravel":12,"minecraft:sand":204,"minecraft:dirt":13,"minecraft:stone_bricks":9,"minecraft:netherrack":8,"minecraft:gold_ore":19,"minecraft:oak_leaves":67,"minecraft:fern":5},"minecraft:killed_by":{"minecraft:pillager":2,"farlanders:fanmade_enderman":1,"minecraft:magma_cube":1,"minecraft:vindicator":1,"alexsmobs:crocodile":4,"minecraft:skeleton":1,"lava_monster:lava_monster":2},"minecraft:killed":{"slimier-slimes:camo_slime":32,"minecraft:skeleton":3,"minecraft:magma_cube":1,"alexsmobs:stradpole":1,"lava_monster:lava_monster":2,"minecraft:creeper":2,"alexsmobs:crimson_mosquito":3,"alexsmobs:warped_toad":1,"slimier-slimes:rock_slime":1,"minecraft:zombie":7},"minecraft:used":{"minecraft:flint_and_steel":1,"minecraft:chest":6,"minecraft:spruce_planks":31,"minecraft:shield":38,"minecraft:iron_sword":108,"minecraft:rotten_flesh":4,"minecraft:netherrack":20,"minecraft:torch":40,"minecraft:dirt":14,"minecraft:granite":1,"minecraft:obsidian":2,"minecraft:iron_axe":52,"minecraft:stone_bricks":4,"minecraft:furnace":1,"minecraft:diorite":1,"minecraft:birch_planks":5,"minecraft:oak_planks":6,"minecraft:blackstone":3,"minecraft:sandstone":29,"minecraft:golden_apple":2,"minecraft:sand":7,"minecraft:crafting_table":6,"minecraft:warped_planks":8,"waystones:waystone":1,"minecraft:diamond_pickaxe":124,"minecraft:bread":34,"minecraft:iron_pickaxe":261,"minecraft:gravel":7,"globalxp:xp_block":2,"minecraft:cobblestone":116,"minecraft:cooked_porkchop":1,"alexsmobs:animal_dictionary":2},"minecraft:crafted":{"minecraft:oak_planks":20,"minecraft:coal":18,"globalxp:xp_block":2,"minecraft:furnace":1,"minecraft:flint_and_steel":1,"minecraft:iron_bars":16,"minecraft:warped_planks":8,"minecraft:iron_boots":1,"minecraft:iron_axe":1,"minecraft:chest":6,"minecraft:golden_boots":1,"atum:scarab":1,"minecraft:crafting_table":5,"minecraft:spruce_planks":164,"minecraft:iron_helmet":1,"minecraft:iron_sword":1,"minecraft:birch_planks":28,"minecraft:air":0,"minecraft:iron_chestplate":1,"inventorypets:nugget_coal":168,"minecraft:diamond_pickaxe":1,"minecraft:shield":1,"minecraft:stick":24,"minecraft:iron_ingot":95,"minecraft:iron_pickaxe":2,"minecraft:iron_leggings":1,"minecraft:gold_ingot":9,"minecraft:sandstone":43,"minecraft:torch":68,"minecraft:shears":1}},"DataVersion":2586}