{
  "undergarden:undergarden/root": {
    "criteria": {
      "tick": "2024-07-23 22:00:29 +0000"
    },
    "done": true
  },
  "inventorypets:root": {
    "criteria": {
      "auto": "2024-07-23 22:00:29 +0000"
    },
    "done": true
  },
  "mowziesmobs:root": {
    "criteria": {
      "custom_test_name": "2024-07-23 22:00:29 +0000"
    },
    "done": true
  },
  "corail_recycler:tutorial/root": {
    "criteria": {
      "auto": "2024-07-23 22:00:29 +0000"
    },
    "done": true
  },
  "minecraft:adventure/adventuring_time": {
    "criteria": {
      "minecraft:jungle": "2024-07-23 22:00:29 +0000"
    },
    "done": false
  },
  "DataVersion": 2586
}